﻿title,platform,date,time,brief,body,link
"陈雪凝最近的风头正盛,她发行的这一首歌,许多网友都表示听哭了",豆丁侃音乐,2019年08月02日,14:56,"这首歌便是陈雪凝的《你好前任》。陈雪凝最近的风头正盛,她发行的好几首歌都非常的火爆,比如《绿色》。这首歌整体想要表达的是一种失恋后的控诉,而她的声音却...",,https://baijiahao.baidu.com/s?id=1640737279486867682&wfr=spider&for=pc
陈三逛商场!看到自拍中的他!难怪不和陈雪凝复合!,范范论娱乐,2019年08月07日,11:07,"陈三逛商场!看到自拍中的他!难怪不和陈雪凝复合!相信陈三是大家众所周知的一位快手网红主播了吧!现在的陈三在快手上的人气不得不说也真的是蛮高的,其实刚...",,https://baijiahao.baidu.com/s?id=1641175857569843804&wfr=spider&for=pc
"一年之约即将来临,陈三身边出现了别的女生,陈雪凝的行为不值得",太子妃谈娱乐,2019年07月20日,13:39,"陈雪凝作为一名网络歌手,如今才18岁,但是在网络上的热度很高,一首《绿色》让陈雪凝走红,成为一名有实力的歌手,备受网友的喜欢。陈雪凝的声音非常有特色,同时也很...",,https://baijiahao.baidu.com/s?id=1639539455395760788&wfr=spider&for=pc
"绿色是陈雪凝初恋写照,和男友分手真因曝光,网友:确实让人心疼",小文雨爱跳舞,2019年07月12日,16:36,"至于分手原因,很多网友认为是陈雪凝签了新公司的缘故,因为按规定是不允许艺人谈恋爱的,更何况她现在是大火的人物。有一次她在台上唱这首歌,而台下的男友留下了...",,https://baijiahao.baidu.com/s?id=1638841025878207885&wfr=spider&for=pc
"陈雪凝《灰姑娘》赏析,灰姑娘也有一颗被疼爱的心",雨悦文音,2019年07月12日,18:05,"《灰姑娘》这首歌为陈雪凝的原创歌曲,与之相似的还有《你的酒馆打了样》,《绿色》等等,这首歌写出了一个渴望爱情的灰姑娘求爱之路的坎坷,内心的波澜起伏,这首歌...",,https://baijiahao.baidu.com/s?id=1638831758136291170&wfr=spider&for=pc
"陈雪凝又出了新歌《别再靠近我了》,热度很快超过了《绿色》!",豆丁侃音乐,2019年07月24日,16:04,"说到陈雪凝相信大家都不会太陌生,她是中国的一个内地女歌手,因为一首自己的原创歌曲《绿色》而被人们熟知,其实在此之前她也发表过很多的个人专辑,但是这些歌都不...",,https://baijiahao.baidu.com/s?id=1639926161879673243&wfr=spider&for=pc
"陈雪凝《没有人心疼我》赏析,是谁夺走了我心中的快乐",雨悦文音,2019年07月25日,07:57,"陈雪凝《没有人心疼我》赏析,是谁夺走了我心中的快乐雨悦文音发布时间:07-2507:57在每一个需要被疼的夜晚,你却偏偏不在,当初是你闯入我的心,而现在只剩...",,https://baijiahao.baidu.com/s?id=1639974813135062848&wfr=spider&for=pc
“一年之约”已到期!陈三竟这样称呼一位女生!陈雪凝你别等了!,倪妮说娱乐,2019年08月05日,18:15,"而现在再看看一年之约已经到了,陈雪凝应该在忙着自己音乐上的事情,而陈三更是在各大女网红之间穿梭,虽然也可能是在拍段子这一类的,但是有些确实也不免得也确实...",,https://baijiahao.baidu.com/s?id=1641021594626207174&wfr=spider&for=pc
陈雪凝又出新歌 网友第一时间听后:比《绿色》好听,芒果大明星,2019年07月07日,18:01,"说到陈雪凝,最近她的歌也是在抖音大火,像《绿色》啊、《你的酒馆对我打了烊》等等,不少人都是被这几首歌频繁洗脑。当然了,作为一个00后的小姑娘,她不仅是...",,https://baijiahao.baidu.com/s?id=1638393388597644488&wfr=spider&for=pc
抖音我也应该是被疼爱的灰姑娘是什么歌? 陈雪凝新歌《灰姑娘》...,川北在线网,2019年07月02日,23:12,"原标题:抖音我也应该是被疼爱的灰姑娘是什么歌?陈雪凝新歌《灰姑娘》好听醉了最近在抖音听到一首非常好听的歌曲推荐给大家,这首歌曲其中有一句歌词是我也应该...",,http://www.guangyuanol.cn/news/hot/2019/0703/973901.html
"2019播放量最高的4首歌,陈雪凝独占3首,每个人都会哼两句",时尚花猫,2019年07月01日,10:43,"第一个就是陈雪凝的《你的酒馆对我发了烊》这首歌曲真的是很多平摊都有这首歌曲,很多人拍视频还是唱都很喜欢这首歌曲,这首歌曲也是很好听的,而且还有一点点的...",,https://baijiahao.baidu.com/s?id=1637822228720883560&wfr=spider&for=pc
"公认的4首口水歌,陈雪凝3首歌上黑榜,网友:听一两遍就腻了",时尚花猫,2019年07月02日,10:26,"网友评选出4首公认的口水歌,其中陈雪凝有3首歌上黑榜,虽然动听,但网友表示听一两遍就腻了。第一首:《绿色》。大家最耳熟能详的歌词就是“若不是你突然闯进...",,https://baijiahao.baidu.com/s?id=1637911787724016833&wfr=spider&for=pc
"未来最具可能的4位00后歌手,陈雪凝上榜,这位趁没火赶紧入坑",时尚的领悟,2019年07月01日,13:44,"未来最具可能的4位00后歌手,陈雪凝上榜,这位趁没火赶紧入坑随着时间的不断流逝,80后已经老了,90后也成熟了,00后的时代已经到了。在华语乐坛里有这么几位00后的...",,https://baijiahao.baidu.com/s?id=1637833645139125394&wfr=spider&for=pc
"00后4位宝藏女歌手,陈雪凝双笙上榜,第一位是匹大黑马",聪妈说故事,2019年06月27日,14:09,"下面给介绍一下零零后的四位宝藏女歌手,陈雪凝双笙都上榜了,第一位就是一匹大黑马。第一位宝藏大黑马就是何欣桐。她有魔音公主的称号,说她是一匹黑马一点都...",,https://baijiahao.baidu.com/s?id=1637472794355159182&wfr=spider&for=pc
"一年之约已到期,陈三态度明确,看清陈雪凝微博动态,全网心寒了",八八爱八卦,2019年07月06日,11:51,"说起陈雪凝,大家都是认识的,是一个很有才华的小年轻,在她出道的这几年,可以说,她的不少原创作品,也是得到了很多朋友们的喜爱,也因此彻底走红,虽然说,她和专业...查看更多相关资讯>>-",,https://baijiahao.baidu.com/s?id=1638274800441972795&wfr=spider&for=pc
"陈雪凝开通微博多年却只关注三位男歌手,看清是谁后,真有眼光",娱乐意林,2019年07月02日,18:12,"说到陈雪凝这位歌手大家应该都是认识的了吧,前段时间由她演唱的《绿色》这首歌可谓是非常火爆了,相信大家应该也都是有听过的吧,作为一位原创歌手,陈雪凝虽然现在...查看更多相关资讯>>-",,https://baijiahao.baidu.com/s?id=1637941105027065338&wfr=spider&for=pc
"陈雪凝玩微博5年,却只关注2位同行,看清男子姓名后:眼光不错!",八八爱八卦,2019年06月27日,11:18,"说起陈雪凝,大家都是很熟悉的,毕竟她的一些原创歌曲,也是被很多朋友们所喜欢,一首《绿色》更是得到了很多朋友们的共鸣,越是关注了解这一位女孩,大家也是都被她...",,https://baijiahao.baidu.com/s?id=1637458454732771146&wfr=spider&for=pc
"陈雪凝摊上事了?代表作被指歌词抄袭,被抄袭者她惹不起!",生活私语尽,2019年05月17日,17:12,"陈雪凝摊上事了?代表作被指歌词抄袭,被抄袭者她惹不起!大家可能对于陈雪凝这个名字还是比较陌生的,但是只要我说到绿色你一定有印象,她的歌在抖音的传唱度排名第...查看更多相关资讯>>-",,https://baijiahao.baidu.com/s?id=1633769879769889999&wfr=spider&for=pc
陈雪凝深夜发布新歌歌词?歌名引发网友吐槽:你王者打多了,阿锋谈游戏,2019年06月24日,14:57,"说起陈雪凝这位创作型歌手,想必大家都不会太陌生,毕竟她的代表作《绿色》、《假装》等歌曲都受到的网友的喜爱。尽管现在还不算大明星,但陈雪凝却通过自己的才华...",,https://baijiahao.baidu.com/s?id=1637204043183498409&wfr=spider&for=pc
"陈雪凝深夜发博,短短13字有3字重复3遍,网友看着心疼,喊话陈三",当鱼遇到欢乐泉,2019年06月14日,18:00,"说起陈雪凝,大家都是认识的,是一个比较有音乐天赋的女子,虽然出名的时间不是很长,但是她的歌传唱程度确实很高,越是关注她,大家也是越喜欢她,很多时候,听她的歌...",,https://baijiahao.baidu.com/s?id=1636305104304919169&wfr=spider&for=pc
"陈雪凝首首歌曲难忘陈三,那陈三态度如何?一句简介暴露真实想法",娱乐十二点半,2019年06月19日,22:08,"陈雪凝之前因为一首《绿色》也是大火,绿色这首歌是写的分手之后的状态,也是感动了很多的人,在这首歌中每个人也是找到了自己的影子,这首歌火了几个月之后,也是...",,https://baijiahao.baidu.com/s?id=1636755522878912140&wfr=spider&for=pc
"公认最悲伤的5句歌词,薛之谦陈雪凝上榜,网友:句句戳心窝",阿律说娱乐,2019年06月18日,11:26,"但是做的事并不是让人感受到爱的,反而是让人很伤心的,陈雪凝虽然岁数小,但是把《绿色》已经诠释的很舒服了,隔着歌词,都能感受到她的不开心,但是还是那么没有...",,https://baijiahao.baidu.com/s?id=1636647159997810707&wfr=spider&for=pc
"陈雪凝:为了让你的酒馆不对我打烊,我杀光了世间的烂俗人。",E先生音乐吧,2019年06月21日,17:11,"陈雪凝:为了让你的酒馆不对我打烊,我杀光了世间的烂俗人。陈雪凝,内蒙古人,是一位00后!我想最近一段时间,大家在网络上听到的最多的颜色必然是“绿色”,这...",,https://baijiahao.baidu.com/s?id=1636940396464362226&wfr=spider&for=pc
"口水歌豆瓣评分这么高?QQ音乐三巨头获认可,陈雪凝却不太受待见",论音娱,2019年06月18日,18:11,"然而我们如果在豆瓣音乐上面搜索陈雪凝如今较火的两首歌曲:《绿色》、《你的酒馆对我打了烊》。陈雪凝的歌曲并不是那么受待见,《绿色》的评分仅有6.1分,勉强越...",,https://baijiahao.baidu.com/s?id=1636672654610378645&wfr=spider&for=pc
"陈雪凝对陈三是啥感情,灰姑娘一句歌词写得一清二楚,网友:太甜",娱乐十二点半,2019年06月18日,22:24,"在前几个月陈雪凝也是因为一首《绿色》走进了大家的视线中,绿色这首歌写的是在分手之后的状态,也是感动了很多的人,每一个在听这首歌的时候都会觉得这首歌就像...",,https://baijiahao.baidu.com/s?id=1636662182007397798&wfr=spider&for=pc
"陈雪凝十三个字霸气回应粉丝,具体咱也不敢问!",萌宠动物汇,2019年06月20日,16:28,"对于陈雪凝这个名字,现在大家都是非常熟悉的,毕竟前段时间的两首歌可以说是让她长得非常多的人气,尤其是绿色更是表达了在分手之后的痛苦心情,很多人在听到这首歌...",,https://baijiahao.baidu.com/s?id=1636847394708441701&wfr=spider&for=pc
"陈雪凝有多爱陈三?《绿色》中这句歌词字字都在挽留,卑微到尘埃",娱乐资讯快递,2019年06月14日,10:35,"经常听陈雪凝的歌曲的朋友们都应该会知道一点关于她的一些消息。比如她喜欢一个男孩子叫陈三儿。陈雪凝有多喜欢陈三儿,在一首名为《绿色》歌曲中完全的表达出了...",,https://baijiahao.baidu.com/s?id=1636281624268347746&wfr=spider&for=pc
"陈雪凝和陈三为什么分手?这首歌中说得一清二楚,却没几个人听懂",阿律说娱乐,2019年06月15日,11:36,"网络超火的歌手陈雪凝是一位特别有才的00后。虽然她的年龄很小,不多经历的事情很多,在没有红之前,她认识了没有火之前的网红陈三,他们有共同的梦想,相互扶持,...",,https://baijiahao.baidu.com/s?id=1636376006976596908&wfr=spider&for=pc
"陈雪凝刚火了一首《绿色》,又火了首《你的酒馆对我打了烊》",娱乐好奇喵,2019年06月13日,16:01,"不过陈雪凝刚火了一首《绿色》,就又火了一首《你的酒馆对我打了烊》。同样是写女生失恋后的状态。这两首歌都是写的女生失恋,旋律也都是缓慢的诉说,陈雪凝...查看更多相关资讯>>-",,https://baijiahao.baidu.com/s?id=1636211514983841387&wfr=spider&for=pc
"00后受欢迎网红女歌手:陈雪凝《绿色》垫底,第一受小学生追捧",资讯社会观天下,2019年06月13日,14:16,"陈雪凝2001年出生,如今才18岁,但是却已经非常有才华,在16岁的时候陈雪凝就尝试自己写歌,然后将这些歌曲上传到网络,虽然刚开始并没有任何的名气,但是是金子总会发光...查看更多相关资讯>>-",,https://baijiahao.baidu.com/s?id=1636188822150666921&wfr=spider&for=pc
"6月最火的5首中文歌,邓紫棋陈雪凝上榜,再也不怕歌荒了",时尚花猫,2019年06月13日,09:24,"邓紫棋陈雪凝上榜。再也不怕歌荒了。1.来自天堂的魔鬼这首歌曲是邓紫棋在高考前不久发布的一首歌曲。发布后,在各大网站上火爆。这首歌曲因为邓紫棋独特的嗓音...",,https://baijiahao.baidu.com/s?id=1636186519353672400&wfr=spider&for=pc
"歌曲都是为陈三而写?陈雪凝十三字霸气回应,粉丝:这不是真的",娱乐十二点半,2019年06月13日,22:33,"陈雪凝的歌曲都是自己写的,而且每一首都是十分悲伤的,写的都是分手之后的悲伤情感。这就不免让很多人想起了陈雪凝的前男友陈三,因为两人是因为陈雪凝签约公司之后...",,https://baijiahao.baidu.com/s?id=1636205964864640154&wfr=spider&for=pc
"陈雪凝对陈三的抱怨,用《绿色》一句歌词来表达,听99遍才明白",聪妈说故事,2019年05月31日,14:43,"陈雪凝,最近真的是特别火的,因为她的好多歌曲都被大家所喜欢,她的歌曲在很多地方都可以听到,并且因为在这些地方的播放量很高,还得到了很多的奖项。她真的是对于音...",,https://baijiahao.baidu.com/s?id=1635028757087961519&wfr=spider&for=pc
"00后4位才女歌手,陈雪凝双笙实力上榜,网友:我的骄傲在放纵",情境音乐,2019年06月12日,00:21,"尤其是有4位00后的才女歌手,唱的歌是很好听的,陈雪凝双笙实力上榜,引得网友都在说:我的骄傲在放纵。第一位才女歌手是陈雪凝,她唱的歌一直都让大家很喜欢,她...",,https://baijiahao.baidu.com/s?id=1636061688757814037&wfr=spider&for=pc
"陈雪凝深夜微博上表白,当看到他的名字后,网友:他有女朋友了",太子妃谈娱乐,2019年06月12日,16:52,"陈雪凝虽然只是没有背景的小网红,但是如今说起陈雪凝的名字,估计是无人不知无人不晓,毕竟陈雪凝的歌现在遍布大街小巷,就算不认识她,也听过她的歌。陈雪凝一直...",,https://baijiahao.baidu.com/s?id=1636116045123177702&wfr=spider&for=pc
"关于陈雪凝:没有人心疼我,但我依然记得青春路上唯一的路人",响马书生,2019年06月04日,20:35,"而陈雪凝,一个不到20岁的女孩,已经出名了,最近她的《灰姑娘》彷佛在诠释,灰姑娘已经变成白雪公主。一曲《绿色》,时常在耳边围绕,占据各大音乐榜单,传唱度超高,...",,https://baijiahao.baidu.com/s?id=1635413400653649926&wfr=spider&for=pc
"最具人气的歌手:林俊杰第五,周杰伦第三,陈雪凝第二,第一是她",叶子讲娱乐,2019年06月05日,15:15,"最具人气的歌手:林俊杰第五,周杰伦第三,陈雪凝第二,第一是她排在第5位的就是林俊杰,在当下他仅仅只是排在第5位,但是他的实力确实不容小觑的,而且他也在之...",,https://baijiahao.baidu.com/s?id=1635483835762039459&wfr=spider&for=pc
陈雪凝《绿色》,凤凰网,2019年05月12日,13:46,"陈雪凝这首歌曲碾压绿色,却惨遭全网下架!听腻了陈雪凝的《绿色》,这首日语翻唱的《绿色》,一定不要错过下载客户端独家抢先看热播推荐...查看更多相关资讯>>-",,http://fashion.ifeng.com/c/7mcBaKswNLD
